{
	"class_name" : "PinholeCameraParameters",
	"extrinsic" : 
	[
		0.83372611073264158,
		-0.21023205455950433,
		-0.5105910844485172,
		0.0,
		0.45895901665520239,
		-0.25029114488691173,
		0.85247343877805881,
		0.0,
		-0.30701366958738635,
		-0.94506974664671639,
		-0.11218636574735205,
		0.0,
		1.8061960976137468,
		-0.053745651672369776,
		1.2378168312868072,
		1.0
	],
	"intrinsic" : 
	{
		"height" : 1080,
		"intrinsic_matrix" : 
		[
			935.30743608719376,
			0.0,
			0.0,
			0.0,
			935.30743608719376,
			0.0,
			959.5,
			539.5,
			1.0
		],
		"width" : 1920
	},
	"version_major" : 1,
	"version_minor" : 0
}