{
	"class_name" : "PinholeCameraParameters",
	"extrinsic" : 
	[
		0.99434662276412755,
		-0.036351996214078267,
		0.099766357900976516,
		0.0,
		-0.0087557226830993762,
		-0.96444216559638674,
		-0.26414890978394856,
		0.0,
		0.10582122243610098,
		0.2617820497876116,
		-0.95930809820991603,
		0.0,
		-187.27294476732334,
		5.6980704643648483,
		20.26860974855645,
		1.0
	],
	"intrinsic" : 
	{
		"height" : 1050,
		"intrinsic_matrix" : 
		[
			909.3266739736606,
			0.0,
			0.0,
			0.0,
			909.3266739736606,
			0.0,
			959.5,
			524.5,
			1.0
		],
		"width" : 1920
	},
	"version_major" : 1,
	"version_minor" : 0
}